coin,block,plan1,plan2,plan1_pct,plan2_pct,date
SMH,1,1500050.0,1500050.0,0.4762062736180518,0.4762062736180518,2021-07-01
SMH,10001,2000050.0,2000050.0,0.6349364071529512,0.6349364071529512,2021-09-01
SMH,20001,2500050.0,2500050.0,0.7936665406878507,0.7936665406878507,2021-11-01
SMH,30001,3000050.0,3000050.0,0.9523966742227502,0.9523966742227502,2022-01-01
SMH,40001,3500050.0,3500050.0,1.1111268077576497,1.1111268077576497,2022-04-01
SMH,50001,4000050.0,4000050.0,1.2698569412925491,1.2698569412925491,2022-06-01
SMH,60001,4500050.0,4500050.0,1.4285870748274485,1.4285870748274485,2022-08-01
SMH,70001,5000050.0,5000050.0,1.5873172083623477,1.5873172083623477,2022-10-01
SMH,80001,5500050.0,5500050.0,1.7460473418972473,1.7460473418972473,2023-01-01
SMH,90001,6000050.0,6000050.0,1.9047774754321467,1.9047774754321467,2023-03-01
SMH,100001,6500050.0,6500050.0,2.063507608967046,2.063507608967046,2023-05-01
SMH,110001,7000050.0,7000050.0,2.2222377425019455,2.2222377425019455,2023-08-01
SMH,120001,7500050.0,7500050.0,2.380967876036845,2.380967876036845,2023-10-01
SMH,130001,8000050.0,8000050.0,2.5396980095717443,2.5396980095717443,2023-12-01
SMH,140001,8500050.0,8500050.0,2.6984281431066437,2.6984281431066437,2024-02-01
SMH,150001,9000050.0,9000050.0,2.857158276641543,2.857158276641543,2024-05-01
SMH,160001,9500050.0,9500050.0,3.0158884101764425,3.0158884101764425,2024-07-01
SMH,170001,10000050.0,10000050.0,3.1746185437113423,3.1746185437113423,2024-09-01
SMH,180001,10500050.0,10500050.0,3.3333486772462417,3.3333486772462417,2024-12-01
SMH,190001,11000050.0,11000050.0,3.4920788107811416,3.4920788107811416,2025-02-01
SMH,200001,11500050.0,11500050.0,3.6508089443160405,3.6508089443160405,2025-04-01
SMH,210001,12000050.0,12000050.0,3.8095390778509404,3.8095390778509404,2025-06-01
SMH,220001,12500050.0,12500050.0,3.9682692113858393,3.9682692113858393,2025-09-01
SMH,230001,13000050.0,13000050.0,4.126999344920739,4.126999344920739,2025-11-01
SMH,240001,13500050.0,13500050.0,4.285729478455639,4.285729478455639,2026-01-01
SMH,250001,14000050.0,14000050.0,4.444459611990538,4.444459611990538,2026-04-01
SMH,260001,14500050.0,14500050.0,4.603189745525437,4.603189745525437,2026-06-01
SMH,270001,15000050.0,15000050.0,4.761919879060337,4.761919879060337,2026-08-01
SMH,280001,15500050.0,15500050.0,4.920650012595236,4.920650012595236,2026-10-01
SMH,290001,16000050.0,16000050.0,5.079380146130136,5.079380146130136,2027-01-01
SMH,300001,16500050.0,16500050.0,5.238110279665035,5.238110279665035,2027-03-01
SMH,310001,17000050.0,17000050.0,5.396840413199935,5.396840413199935,2027-05-01
SMH,320001,17500050.0,17500050.0,5.555570546734834,5.555570546734834,2027-08-01
SMH,330001,18000050.0,18000050.0,5.714300680269734,5.714300680269734,2027-10-01
SMH,340001,18500050.0,18500050.0,5.8730308138046325,5.8730308138046325,2027-12-01
SMH,350001,19000050.0,19000050.0,6.031760947339532,6.031760947339532,2028-02-01
SMH,360001,19500050.0,19500050.0,6.190491080874431,6.190491080874431,2028-05-01
SMH,370001,20000050.0,20000050.0,6.349221214409331,6.349221214409331,2028-07-01
SMH,380001,20500050.0,20500050.0,6.507951347944231,6.507951347944231,2028-09-01
SMH,390001,21000050.0,21000050.0,6.666681481479129,6.666681481479129,2028-11-01
SMH,400001,21500050.0,21500050.0,6.825411615014029,6.825411615014029,2029-02-01
SMH,410001,22000050.0,22000050.0,6.984141748548929,6.984141748548929,2029-04-01
SMH,420001,22500050.0,22500050.0,7.142871882083829,7.142871882083829,2029-06-01
SMH,430001,23000050.0,23000050.0,7.301602015618728,7.301602015618728,2029-09-01
SMH,440001,23500050.0,23500050.0,7.460332149153627,7.460332149153627,2029-11-01
SMH,450001,24000050.0,24000050.0,7.619062282688526,7.619062282688526,2030-01-01
SMH,460001,24500050.0,24500050.0,7.777792416223426,7.777792416223426,2030-03-01
SMH,470001,25000050.0,25000050.0,7.936522549758325,7.936522549758325,2030-06-01
SMH,480001,25500050.0,25500050.0,8.095252683293225,8.095252683293225,2030-08-01
SMH,490001,26000050.0,26000050.0,8.253982816828124,8.253982816828124,2030-10-01
SMH,500001,26500050.0,26500050.0,8.412712950363025,8.412712950363025,2031-01-01
SMH,510001,27000050.0,27000050.0,8.571443083897922,8.571443083897922,2031-03-01
SMH,520001,27500050.0,27500050.0,8.730173217432823,8.730173217432823,2031-05-01
SMH,530001,28000050.0,28000050.0,8.888903350967722,8.888903350967722,2031-07-01
SMH,540001,28500050.0,28500050.0,9.047633484502622,9.047633484502622,2031-10-01
SMH,550001,29000050.0,29000050.0,9.206363618037521,9.206363618037521,2031-12-01
SMH,560001,29500050.0,29500050.0,9.36509375157242,9.36509375157242,2032-02-01
SMH,570001,30000050.0,30000050.0,9.523823885107321,9.523823885107321,2032-05-01
SMH,580001,30500050.0,30500050.0,9.68255401864222,9.68255401864222,2032-07-01
SMH,590001,31000050.0,31000050.0,9.841284152177119,9.841284152177119,2032-09-01
SMH,600001,31500050.0,31500050.0,10.000014285712018,10.000014285712018,2032-11-01
SMH,610001,32000050.0,32000050.0,10.158744419246919,10.158744419246919,2033-02-01
SMH,620001,32500050.0,32500050.0,10.317474552781817,10.317474552781817,2033-04-01
SMH,630001,33000050.0,33000050.0,10.476204686316716,10.476204686316716,2033-06-01
SMH,640001,33500050.0,33500050.0,10.634934819851615,10.634934819851615,2033-08-01
SMH,650001,34000050.0,34000050.0,10.793664953386516,10.793664953386516,2033-11-01
SMH,660001,34500050.0,34500050.0,10.952395086921415,10.952395086921415,2034-01-01
SMH,670001,35000050.0,35000050.0,11.111125220456314,11.111125220456314,2034-03-01
SMH,680001,35500050.0,35500050.0,11.269855353991213,11.269855353991213,2034-06-01
SMH,690001,36000050.0,36000050.0,11.428585487526114,11.428585487526114,2034-08-01
SMH,700001,36500050.0,36500050.0,11.587315621061013,11.587315621061013,2034-10-01
SMH,710001,37000050.0,37000050.0,11.746045754595912,11.746045754595912,2034-12-01
SMH,720001,37500050.0,37500050.0,11.90477588813081,11.90477588813081,2035-03-01
SMH,730001,38000050.0,38000050.0,12.063506021665711,12.063506021665711,2035-05-01
SMH,740001,38500050.0,38500050.0,12.22223615520061,12.22223615520061,2035-07-01
SMH,750001,39000050.0,39000050.0,12.38096628873551,12.38096628873551,2035-10-01
SMH,760001,39500050.0,39500050.0,12.53969642227041,12.53969642227041,2035-12-01
SMH,770001,40000050.0,40000050.0,12.698426555805309,12.698426555805309,2036-02-01
SMH,780001,40500050.0,40500050.0,12.857156689340208,12.857156689340208,2036-04-01
SMH,790001,41000050.0,41000050.0,13.015886822875109,13.015886822875109,2036-07-01
SMH,800001,41500050.0,41500050.0,13.174616956410008,13.174616956410008,2036-09-01
SMH,810001,42000050.0,42000050.0,13.333347089944905,13.333347089944905,2036-11-01
SMH,820001,42500050.0,42500050.0,13.492077223479807,13.492077223479807,2037-02-01
SMH,830001,43000050.0,43000050.0,13.650807357014704,13.650807357014704,2037-04-01
SMH,840001,43500050.0,43500050.0,13.809537490549605,13.809537490549605,2037-06-01
SMH,850001,44000050.0,44000050.0,13.968267624084504,13.968267624084504,2037-08-01
SMH,860001,44500050.0,44500050.0,14.126997757619403,14.126997757619403,2037-11-01
SMH,870001,45000050.0,45000050.0,14.285727891154304,14.285727891154304,2038-01-01
SMH,880001,45500050.0,45500050.0,14.444458024689203,14.444458024689203,2038-03-01
SMH,890001,46000050.0,46000050.0,14.6031881582241,14.6031881582241,2038-06-01
SMH,900001,46500050.0,46500050.0,14.761918291759002,14.761918291759002,2038-08-01
SMH,910001,47000050.0,47000050.0,14.9206484252939,14.9206484252939,2038-10-01
SMH,920001,47500050.0,47500050.0,15.079378558828802,15.079378558828802,2038-12-01
SMH,930001,48000050.0,48000050.0,15.2381086923637,15.2381086923637,2039-03-01
SMH,940001,48500050.0,48500050.0,15.396838825898598,15.396838825898598,2039-05-01
SMH,950001,49000050.0,49000050.0,15.555568959433499,15.555568959433499,2039-07-01
SMH,960001,49500050.0,49500050.0,15.714299092968398,15.714299092968398,2039-10-01
SMH,970001,50000050.0,50000050.0,15.873029226503297,15.873029226503297,2039-12-01
SMH,980001,50500050.0,50500050.0,16.031759360038198,16.031759360038198,2040-02-01
SMH,990001,51000050.0,51000050.0,16.190489493573097,16.190489493573097,2040-04-01
SMH,1000001,51500050.0,51500050.0,16.349219627107995,16.349219627107995,2040-07-01
SMH,1010001,52000050.0,52000050.0,16.507949760642894,16.507949760642894,2040-09-01
SMH,1020001,52500050.0,52500050.0,16.666679894177793,16.666679894177793,2040-11-01
SMH,1030001,53000050.0,53000050.0,16.825410027712696,16.825410027712696,2041-01-01
SMH,1040001,53500050.0,53500050.0,16.984140161247595,16.984140161247595,2041-04-01
SMH,1050001,54000050.0,54000050.0,17.14287029478249,17.14287029478249,2041-06-01
SMH,1060001,54500050.0,54500050.0,17.301600428317393,17.301600428317393,2041-08-01
SMH,1070001,55000050.0,55000050.0,17.46033056185229,17.46033056185229,2041-11-01
SMH,1080001,55500050.0,55500050.0,17.619060695387194,17.619060695387194,2042-01-01
SMH,1090001,56000050.0,56000050.0,17.77779082892209,17.77779082892209,2042-03-01
SMH,1100001,56500050.0,56500050.0,17.93652096245699,17.93652096245699,2042-05-01
SMH,1110001,57000050.0,57000050.0,18.09525109599189,18.09525109599189,2042-08-01
SMH,1120001,57500050.0,57500050.0,18.25398122952679,18.25398122952679,2042-10-01
SMH,1130001,58000050.0,58000050.0,18.41271136306169,18.41271136306169,2042-12-01
SMH,1140001,58500050.0,58500050.0,18.571441496596588,18.571441496596588,2043-03-01
SMH,1150001,59000050.0,59000050.0,18.730171630131487,18.730171630131487,2043-05-01
SMH,1160001,59500050.0,59500050.0,18.88890176366639,18.88890176366639,2043-07-01
SMH,1170001,60000050.0,60000050.0,19.047631897201285,19.047631897201285,2043-09-01
SMH,1180001,60500050.0,60500050.0,19.206362030736184,19.206362030736184,2043-12-01
SMH,1190001,61000050.0,61000050.0,19.365092164271086,19.365092164271086,2044-02-01
SMH,1200001,61500050.0,61500050.0,19.523822297805985,19.523822297805985,2044-04-01
SMH,1210001,62000050.0,62000050.0,19.682552431340884,19.682552431340884,2044-07-01
SMH,1220001,62500050.0,62500050.0,19.841282564875783,19.841282564875783,2044-09-01
SMH,1230001,63000050.0,63000050.0,20.000012698410682,20.000012698410682,2044-11-01
SMH,1240001,63500050.0,63500050.0,20.158742831945585,20.158742831945585,2045-01-01
SMH,1250001,64000050.0,64000050.0,20.317472965480484,20.317472965480484,2045-04-01
SMH,1260001,64500050.0,64500050.0,20.47620309901538,20.47620309901538,2045-06-01
SMH,1270001,65000050.0,65000050.0,20.63493323255028,20.63493323255028,2045-08-01
SMH,1280001,65500050.0,65500050.0,20.79366336608518,20.79366336608518,2045-10-01
SMH,1290001,66000050.0,66000050.0,20.95239349962008,20.95239349962008,2046-01-01
SMH,1300001,66500050.0,66500050.0,21.11112363315498,21.11112363315498,2046-03-01
SMH,1310001,67000050.0,67000050.0,21.269853766689877,21.269853766689877,2046-05-01
SMH,1320001,67500050.0,67500050.0,21.42858390022478,21.42858390022478,2046-08-01
SMH,1330001,68000050.0,68000050.0,21.58731403375968,21.58731403375968,2046-10-01
SMH,1340001,68500050.0,68500050.0,21.746044167294578,21.746044167294578,2046-12-01
SMH,1350001,69000050.0,69000050.0,21.904774300829477,21.904774300829477,2047-03-01
SMH,1360001,69500050.0,69500050.0,22.063504434364376,22.063504434364376,2047-05-01
SMH,1370001,70000050.0,70000050.0,22.222234567899275,22.222234567899275,2047-07-01
SMH,1380001,70500050.0,70500050.0,22.380964701434173,22.380964701434173,2047-09-01
SMH,1390001,71000050.0,71000050.0,22.539694834969072,22.539694834969072,2047-12-01
SMH,1400001,71500050.0,71500050.0,22.698424968503975,22.698424968503975,2048-02-01
SMH,1410001,72000050.0,72000050.0,22.857155102038874,22.857155102038874,2048-04-01
SMH,1420001,72500050.0,72500050.0,23.015885235573773,23.015885235573773,2048-06-01
SMH,1430001,73000050.0,73000050.0,23.174615369108672,23.174615369108672,2048-09-01
SMH,1440001,73500050.0,73500050.0,23.33334550264357,23.33334550264357,2048-11-01
SMH,1450001,74000050.0,74000050.0,23.49207563617847,23.49207563617847,2049-01-01
SMH,1460001,74500050.0,74500050.0,23.650805769713372,23.650805769713372,2049-04-01
SMH,1470001,75000050.0,75000050.0,23.809535903248268,23.809535903248268,2049-06-01
SMH,1480001,75500050.0,75500050.0,23.96826603678317,23.96826603678317,2049-08-01
SMH,1490001,76000050.0,76000050.0,24.12699617031807,24.12699617031807,2049-10-01
SMH,1500001,76500050.0,76500050.0,24.285726303852968,24.285726303852968,2050-01-01
SMH,1510001,77000050.0,77000050.0,24.444456437387867,24.444456437387867,2050-03-01
SMH,1520001,77500050.0,77500050.0,24.603186570922766,24.603186570922766,2050-05-01
SMH,1530001,78000050.0,78000050.0,24.761916704457665,24.761916704457665,2050-08-01
SMH,1540001,78500050.0,78500050.0,24.920646837992567,24.920646837992567,2050-10-01
SMH,1550001,79000050.0,79000050.0,25.079376971527466,25.079376971527466,2050-12-01
SMH,1560001,79500050.0,79500050.0,25.23810710506236,25.23810710506236,2051-02-01
SMH,1570001,80000050.0,80000050.0,25.396837238597264,25.396837238597264,2051-05-01
SMH,1580001,80500050.0,80500050.0,25.555567372132167,25.555567372132167,2051-07-01
SMH,1590001,81000050.0,81000050.0,25.714297505667062,25.714297505667062,2051-09-01
SMH,1600001,81500050.0,81500050.0,25.87302763920196,25.87302763920196,2051-12-01
SMH,1610001,82000050.0,82000050.0,26.031757772736864,26.031757772736864,2052-02-01
SMH,1620001,82500050.0,82500050.0,26.19048790627176,26.19048790627176,2052-04-01
SMH,1630001,83000050.0,83000050.0,26.34921803980666,26.34921803980666,2052-06-01
SMH,1640001,83500050.0,83500050.0,26.50794817334156,26.50794817334156,2052-09-01
SMH,1650001,84000050.0,84000050.0,26.666678306876456,26.666678306876456,2052-11-01
SMH,1660001,84500050.0,84500050.0,26.82540844041136,26.82540844041136,2053-01-01
SMH,1670001,85000050.0,85000050.0,26.98413857394626,26.98413857394626,2053-04-01
SMH,1680001,85500050.0,85500050.0,27.14286870748116,27.14286870748116,2053-06-01
SMH,1690001,86000050.0,86000050.0,27.301598841016055,27.301598841016055,2053-08-01
SMH,1700001,86500050.0,86500050.0,27.460328974550958,27.460328974550958,2053-10-01
SMH,1710001,87000050.0,87000050.0,27.619059108085857,27.619059108085857,2054-01-01
SMH,1720001,87500050.0,87500050.0,27.777789241620752,27.777789241620752,2054-03-01
SMH,1730001,88000050.0,88000050.0,27.936519375155655,27.936519375155655,2054-05-01
SMH,1740001,88500050.0,88500050.0,28.095249508690557,28.095249508690557,2054-07-01
SMH,1750001,89000050.0,89000050.0,28.253979642225453,28.253979642225453,2054-10-01
SMH,1760001,89500050.0,89500050.0,28.41270977576035,28.41270977576035,2054-12-01
SMH,1770001,90000050.0,90000050.0,28.571439909295254,28.571439909295254,2055-02-01
SMH,1780001,90500050.0,90500050.0,28.73017004283015,28.73017004283015,2055-05-01
SMH,1790001,91000050.0,91000050.0,28.888900176365052,28.888900176365052,2055-07-01
SMH,1800001,91500050.0,91500050.0,29.04763030989995,29.04763030989995,2055-09-01
SMH,1810001,92000050.0,92000050.0,29.206360443434846,29.206360443434846,2055-11-01
SMH,1820001,92500050.0,92500050.0,29.36509057696975,29.36509057696975,2056-02-01
SMH,1830001,93000050.0,93000050.0,29.52382071050465,29.52382071050465,2056-04-01
SMH,1840001,93500050.0,93500050.0,29.682550844039547,29.682550844039547,2056-06-01
SMH,1850001,94000050.0,94000050.0,29.841280977574446,29.841280977574446,2056-09-01
SMH,1860001,94500050.0,94500050.0,30.000011111109348,30.000011111109348,2056-11-01
SMH,1870001,95000050.0,95000050.0,30.15874124464425,30.15874124464425,2057-01-01
SMH,1880001,95500050.0,95500050.0,30.317471378179146,30.317471378179146,2057-03-01
SMH,1890001,96000050.0,96000050.0,30.476201511714045,30.476201511714045,2057-06-01
SMH,1900001,96500050.0,96500050.0,30.634931645248948,30.634931645248948,2057-08-01
SMH,1910001,97000050.0,97000050.0,30.793661778783843,30.793661778783843,2057-10-01
SMH,1920001,97500050.0,97500050.0,30.952391912318745,30.952391912318745,2058-01-01
SMH,1930001,98000050.0,98000050.0,31.111122045853644,31.111122045853644,2058-03-01
SMH,1940001,98500050.0,98500050.0,31.26985217938854,31.26985217938854,2058-05-01
SMH,1950001,99000050.0,99000050.0,31.428582312923442,31.428582312923442,2058-07-01
SMH,1960001,99500050.0,99500050.0,31.587312446458345,31.587312446458345,2058-10-01
SMH,1970001,100000050.0,100000050.0,31.74604257999324,31.74604257999324,2058-12-01
SMH,1980001,100500050.0,100500050.0,31.90477271352814,31.90477271352814,2059-02-01
SMH,1990001,101000050.0,101000050.0,32.06350284706304,32.06350284706304,2059-05-01
SMH,2000001,101500050.0,101500050.0,32.22223298059794,32.22223298059794,2059-07-01
SMH,2010001,102000050.0,102000050.0,32.38096311413284,32.38096311413284,2059-09-01
SMH,2020001,102500050.0,102500050.0,32.53969324766774,32.53969324766774,2059-11-01
SMH,2030001,103000050.0,103000050.0,32.69842338120264,32.69842338120264,2060-02-01
SMH,2040001,103500050.0,103500050.0,32.85715351473753,32.85715351473753,2060-04-01
SMH,2050001,104000050.0,104000050.0,33.015883648272435,33.015883648272435,2060-06-01
SMH,2060001,104500050.0,104500050.0,33.17461378180734,33.17461378180734,2060-08-01
SMH,2070001,105000050.0,105000050.0,33.33334391534223,33.33334391534223,2060-11-01
SMH,2080001,105500050.0,105500050.0,33.492074048877136,33.492074048877136,2061-01-01
SMH,2090001,106000050.0,106000050.0,33.65080418241204,33.65080418241204,2061-03-01
SMH,2100001,106500050.0,106500050.0,33.809534315946934,33.809534315946934,2061-06-01
SMH,2110001,107000050.0,107000050.0,33.968264449481836,33.968264449481836,2061-08-01
SMH,2120001,107500050.0,107500050.0,34.12699458301673,34.12699458301673,2061-10-01
SMH,2130001,108000050.0,108000050.0,34.28572471655163,34.28572471655163,2061-12-01
SMH,2140001,108500050.0,108500050.0,34.44445485008653,34.44445485008653,2062-03-01
SMH,2150001,109000050.0,109000050.0,34.60318498362143,34.60318498362143,2062-05-01
SMH,2160001,109500050.0,109500050.0,34.76191511715633,34.76191511715633,2062-07-01
SMH,2170001,110000050.0,110000050.0,34.92064525069123,34.92064525069123,2062-10-01
SMH,2180001,110500050.0,110500050.0,35.07937538422613,35.07937538422613,2062-12-01
SMH,2190001,111000050.0,111000050.0,35.23810551776103,35.23810551776103,2063-02-01
SMH,2200001,111500050.0,111500050.0,35.39683565129593,35.39683565129593,2063-04-01
SMH,2210001,112000050.0,112000050.0,35.555565784830826,35.555565784830826,2063-07-01
SMH,2220001,112500050.0,112500050.0,35.71429591836573,35.71429591836573,2063-09-01
SMH,2230001,113000050.0,113000050.0,35.873026051900624,35.873026051900624,2063-11-01
SMH,2240001,113500050.0,113500050.0,36.031756185435526,36.031756185435526,2064-02-01
SMH,2250001,114000050.0,114000050.0,36.19048631897043,36.19048631897043,2064-04-01
SMH,2260001,114500050.0,114500050.0,36.349216452505324,36.349216452505324,2064-06-01
SMH,2270001,115000050.0,115000050.0,36.50794658604023,36.50794658604023,2064-08-01
SMH,2280001,115500050.0,115500050.0,36.66667671957512,36.66667671957512,2064-11-01
SMH,2290001,116000050.0,116000050.0,36.825406853110024,36.825406853110024,2065-01-01
SMH,2300001,116500050.0,116500050.0,36.98413698664492,36.98413698664492,2065-03-01
SMH,2310001,117000050.0,117000050.0,37.14286712017982,37.14286712017982,2065-06-01
SMH,2320001,117500050.0,117500050.0,37.30159725371472,37.30159725371472,2065-08-01
SMH,2330001,118000050.0,118000050.0,37.46032738724962,37.46032738724962,2065-10-01
SMH,2340001,118500050.0,118500050.0,37.61905752078452,37.61905752078452,2065-12-01
SMH,2350001,119000050.0,119000050.0,37.777787654319425,37.777787654319425,2066-03-01
SMH,2360001,119500050.0,119500050.0,37.93651778785432,37.93651778785432,2066-05-01
SMH,2370001,120000050.0,120000050.0,38.095247921389216,38.095247921389216,2066-07-01
SMH,2380001,120500050.0,120500050.0,38.25397805492412,38.25397805492412,2066-09-01
SMH,2390001,121000050.0,121000050.0,38.412708188459014,38.412708188459014,2066-12-01
SMH,2400001,121500050.0,121500050.0,38.57143832199392,38.57143832199392,2067-02-01
SMH,2410001,122000050.0,122000050.0,38.73016845552882,38.73016845552882,2067-04-01
SMH,2420001,122500050.0,122500050.0,38.888898589063714,38.888898589063714,2067-07-01
SMH,2430001,123000050.0,123000050.0,39.04762872259862,39.04762872259862,2067-09-01
SMH,2440001,123500050.0,123500050.0,39.20635885613352,39.20635885613352,2067-11-01
SMH,2450001,124000050.0,124000050.0,39.365088989668415,39.365088989668415,2068-01-01
SMH,2460001,124500050.0,124500050.0,39.52381912320331,39.52381912320331,2068-04-01
SMH,2470001,125000050.0,125000050.0,39.68254925673821,39.68254925673821,2068-06-01
SMH,2480001,125500050.0,125500050.0,39.84127939027311,39.84127939027311,2068-08-01
SMH,2490001,126000050.0,126000050.0,40.00000952380801,40.00000952380801,2068-11-01
SMH,2500001,126500050.0,126500050.0,40.15873965734291,40.15873965734291,2069-01-01
SMH,2510001,127000050.0,127000050.0,40.317469790877816,40.317469790877816,2069-03-01
SMH,2520001,127500050.0,127500050.0,40.47619992441271,40.47619992441271,2069-05-01
SMH,2530001,128000050.0,128000050.0,40.634930057947614,40.634930057947614,2069-08-01
SMH,2540001,128500050.0,128500050.0,40.79366019148251,40.79366019148251,2069-10-01
SMH,2550001,129000050.0,129000050.0,40.952390325017404,40.952390325017404,2069-12-01
SMH,2560001,129500050.0,129500050.0,41.11112045855231,41.11112045855231,2070-03-01
SMH,2570001,130000050.0,130000050.0,41.26985059208721,41.26985059208721,2070-05-01
SMH,2580001,130500050.0,130500050.0,41.428580725622105,41.428580725622105,2070-07-01
SMH,2590001,131000050.0,131000050.0,41.58731085915701,41.58731085915701,2070-09-01
SMH,2600001,131500050.0,131500050.0,41.74604099269191,41.74604099269191,2070-12-01
SMH,2610001,132000050.0,132000050.0,41.904771126226805,41.904771126226805,2071-02-01
SMH,2620001,132500050.0,132500050.0,42.06350125976171,42.06350125976171,2071-04-01
SMH,2630001,133000050.0,133000050.0,42.2222313932966,42.2222313932966,2071-07-01
SMH,2640001,133500050.0,133500050.0,42.3809615268315,42.3809615268315,2071-09-01
SMH,2650001,134000050.0,134000050.0,42.5396916603664,42.5396916603664,2071-11-01
SMH,2660001,134500050.0,134500050.0,42.6984217939013,42.6984217939013,2072-01-01
SMH,2670001,135000050.0,135000050.0,42.857151927436206,42.857151927436206,2072-04-01
SMH,2680001,135500050.0,135500050.0,43.0158820609711,43.0158820609711,2072-06-01
SMH,2690001,136000050.0,136000050.0,43.174612194506004,43.174612194506004,2072-08-01
SMH,2700001,136500050.0,136500050.0,43.3333423280409,43.3333423280409,2072-10-01
SMH,2710001,137000050.0,137000050.0,43.492072461575795,43.492072461575795,2073-01-01
SMH,2720001,137500050.0,137500050.0,43.6508025951107,43.6508025951107,2073-03-01
SMH,2730001,138000050.0,138000050.0,43.8095327286456,43.8095327286456,2073-05-01
SMH,2740001,138500050.0,138500050.0,43.968262862180495,43.968262862180495,2073-08-01
SMH,2750001,139000050.0,139000050.0,44.1269929957154,44.1269929957154,2073-10-01
SMH,2760001,139500050.0,139500050.0,44.2857231292503,44.2857231292503,2073-12-01
SMH,2770001,140000050.0,140000050.0,44.444453262785196,44.444453262785196,2074-03-01
SMH,2780001,140500050.0,140500050.0,44.6031833963201,44.6031833963201,2074-05-01
SMH,2790001,141000050.0,141000050.0,44.76191352985499,44.76191352985499,2074-07-01
SMH,2800001,141500050.0,141500050.0,44.92064366338989,44.92064366338989,2074-09-01
SMH,2810001,142000050.0,142000050.0,45.07937379692479,45.07937379692479,2074-12-01
SMH,2820001,142500050.0,142500050.0,45.238103930459694,45.238103930459694,2075-02-01
SMH,2830001,143000050.0,143000050.0,45.396834063994596,45.396834063994596,2075-04-01
SMH,2840001,143500050.0,143500050.0,45.55556419752949,45.55556419752949,2075-06-01
SMH,2850001,144000050.0,144000050.0,45.714294331064394,45.714294331064394,2075-09-01
SMH,2860001,144500050.0,144500050.0,45.8730244645993,45.8730244645993,2075-11-01
SMH,2870001,145000050.0,145000050.0,46.03175459813419,46.03175459813419,2076-01-01
SMH,2880001,145500050.0,145500050.0,46.19048473166909,46.19048473166909,2076-04-01
SMH,2890001,146000050.0,146000050.0,46.34921486520399,46.34921486520399,2076-06-01
SMH,2900001,146500050.0,146500050.0,46.507944998738886,46.507944998738886,2076-08-01
SMH,2910001,147000050.0,147000050.0,46.66667513227379,46.66667513227379,2076-10-01
SMH,2920001,147500050.0,147500050.0,46.82540526580869,46.82540526580869,2077-01-01
SMH,2930001,148000050.0,148000050.0,46.984135399343586,46.984135399343586,2077-03-01
SMH,2940001,148500050.0,148500050.0,47.14286553287849,47.14286553287849,2077-05-01
SMH,2950001,149000050.0,149000050.0,47.30159566641339,47.30159566641339,2077-08-01
SMH,2960001,149500050.0,149500050.0,47.460325799948286,47.460325799948286,2077-10-01
SMH,2970001,150000050.0,150000050.0,47.61905593348318,47.61905593348318,2077-12-01
SMH,2980001,150500050.0,150500050.0,47.777786067018084,47.777786067018084,2078-02-01
SMH,2990001,151000050.0,151000050.0,47.93651620055299,47.93651620055299,2078-05-01
SMH,3000001,151500050.0,151500050.0,48.09524633408788,48.09524633408788,2078-07-01
SMH,3010001,152000050.0,152000050.0,48.253976467622785,48.253976467622785,2078-09-01
SMH,3020001,152500050.0,152500050.0,48.41270660115769,48.41270660115769,2078-12-01
SMH,3030001,153000050.0,153000050.0,48.57143673469258,48.57143673469258,2079-02-01
SMH,3040001,153500050.0,153500050.0,48.73016686822748,48.73016686822748,2079-04-01
SMH,3050001,154000050.0,154000050.0,48.88889700176238,48.88889700176238,2079-06-01
SMH,3060001,154500050.0,154500050.0,49.047627135297276,49.047627135297276,2079-09-01
SMH,3070001,155000050.0,155000050.0,49.20635726883218,49.20635726883218,2079-11-01
SMH,3080001,155500050.0,155500050.0,49.36508740236708,49.36508740236708,2080-01-01
SMH,3090001,156000050.0,156000050.0,49.523817535901976,49.523817535901976,2080-03-01
SMH,3100001,156500050.0,156500050.0,49.68254766943688,49.68254766943688,2080-06-01
SMH,3110001,157000050.0,157000050.0,49.84127780297178,49.84127780297178,2080-08-01
SMH,3120001,157500050.0,157500050.0,50.00000793650668,50.00000793650668,2080-10-01
SMH,3130001,158000050.0,158000050.0,50.15873807004157,50.15873807004157,2081-01-01
SMH,3140001,158500050.0,158500050.0,50.317468203576475,50.317468203576475,2081-03-01
SMH,3150001,159000050.0,159000050.0,50.47619833711138,50.47619833711138,2081-05-01
SMH,3160001,159500050.0,159500050.0,50.63492847064628,50.63492847064628,2081-07-01
SMH,3170001,160000050.0,160000050.0,50.79365860418117,50.79365860418117,2081-10-01
SMH,3180001,160500050.0,160500050.0,50.95238873771607,50.95238873771607,2081-12-01
SMH,3190001,161000050.0,161000050.0,51.11111887125097,51.11111887125097,2082-02-01
SMH,3200001,161500050.0,161500050.0,51.269849004785875,51.269849004785875,2082-05-01
SMH,3210001,162000050.0,162000050.0,51.42857913832077,51.42857913832077,2082-07-01
SMH,3220001,162500050.0,162500050.0,51.58730927185567,51.58730927185567,2082-09-01
SMH,3230001,163000050.0,163000050.0,51.746039405390576,51.746039405390576,2082-11-01
SMH,3240001,163500050.0,163500050.0,51.904769538925464,51.904769538925464,2083-02-01
SMH,3250001,164000050.0,164000050.0,52.06349967246037,52.06349967246037,2083-04-01
SMH,3260001,164500050.0,164500050.0,52.22222980599527,52.22222980599527,2083-06-01
SMH,3270001,165000050.0,165000050.0,52.38095993953017,52.38095993953017,2083-09-01
SMH,3280001,165500050.0,165500050.0,52.539690073065074,52.539690073065074,2083-11-01
SMH,3290001,166000050.0,166000050.0,52.69842020659997,52.69842020659997,2084-01-01
SMH,3300001,166500050.0,166500050.0,52.857150340134865,52.857150340134865,2084-03-01
SMH,3310001,167000050.0,167000050.0,53.01588047366976,53.01588047366976,2084-06-01
SMH,3320001,167500050.0,167500050.0,53.17461060720466,53.17461060720466,2084-08-01
SMH,3330001,168000050.0,168000050.0,53.333340740739565,53.333340740739565,2084-10-01
SMH,3340001,168500050.0,168500050.0,53.49207087427447,53.49207087427447,2084-12-01
SMH,3350001,169000050.0,169000050.0,53.65080100780937,53.65080100780937,2085-03-01
SMH,3360001,169500050.0,169500050.0,53.80953114134426,53.80953114134426,2085-05-01
SMH,3370001,170000050.0,170000050.0,53.96826127487916,53.96826127487916,2085-07-01
SMH,3380001,170500050.0,170500050.0,54.12699140841406,54.12699140841406,2085-10-01
SMH,3390001,171000050.0,171000050.0,54.28572154194896,54.28572154194896,2085-12-01
SMH,3400001,171500050.0,171500050.0,54.44445167548386,54.44445167548386,2086-02-01
SMH,3410001,172000050.0,172000050.0,54.603181809018764,54.603181809018764,2086-05-01
SMH,3420001,172500050.0,172500050.0,54.76191194255367,54.76191194255367,2086-07-01
SMH,3430001,173000050.0,173000050.0,54.920642076088555,54.920642076088555,2086-09-01
SMH,3440001,173500050.0,173500050.0,55.07937220962346,55.07937220962346,2086-11-01
SMH,3450001,174000050.0,174000050.0,55.23810234315836,55.23810234315836,2087-02-01
SMH,3460001,174500050.0,174500050.0,55.396832476693255,55.396832476693255,2087-04-01
SMH,3470001,175000050.0,175000050.0,55.55556261022816,55.55556261022816,2087-06-01
SMH,3480001,175500050.0,175500050.0,55.71429274376306,55.71429274376306,2087-08-01
SMH,3490001,176000050.0,176000050.0,55.87302287729795,55.87302287729795,2087-11-01
SMH,3500001,176500050.0,176500050.0,56.03175301083285,56.03175301083285,2088-01-01
SMH,3510001,177000050.0,177000050.0,56.190483144367754,56.190483144367754,2088-03-01
SMH,3520001,177500050.0,177500050.0,56.349213277902656,56.349213277902656,2088-06-01
SMH,3530001,178000050.0,178000050.0,56.50794341143756,56.50794341143756,2088-08-01
SMH,3540001,178500050.0,178500050.0,56.666673544972454,56.666673544972454,2088-10-01
SMH,3550001,179000050.0,179000050.0,56.82540367850736,56.82540367850736,2088-12-01
SMH,3560001,179500050.0,179500050.0,56.984133812042245,56.984133812042245,2089-03-01
SMH,3570001,180000050.0,180000050.0,57.14286394557715,57.14286394557715,2089-05-01
SMH,3580001,180500050.0,180500050.0,57.30159407911205,57.30159407911205,2089-07-01
SMH,3590001,181000050.0,181000050.0,57.46032421264695,57.46032421264695,2089-10-01
SMH,3600001,181500050.0,181500050.0,57.619054346181855,57.619054346181855,2089-12-01
SMH,3610001,182000050.0,182000050.0,57.77778447971676,57.77778447971676,2090-02-01
SMH,3620001,182500050.0,182500050.0,57.936514613251646,57.936514613251646,2090-04-01
SMH,3630001,183000050.0,183000050.0,58.09524474678655,58.09524474678655,2090-07-01
SMH,3640001,183500050.0,183500050.0,58.253974880321444,58.253974880321444,2090-09-01
SMH,3650001,184000050.0,184000050.0,58.412705013856346,58.412705013856346,2090-11-01
SMH,3660001,184500050.0,184500050.0,58.57143514739125,58.57143514739125,2091-01-01
SMH,3670001,185000050.0,185000050.0,58.73016528092615,58.73016528092615,2091-04-01
SMH,3680001,185500050.0,185500050.0,58.88889541446104,58.88889541446104,2091-06-01
SMH,3690001,186000050.0,186000050.0,59.04762554799594,59.04762554799594,2091-08-01
SMH,3700001,186500050.0,186500050.0,59.206355681530844,59.206355681530844,2091-11-01
SMH,3710001,187000050.0,187000050.0,59.36508581506574,59.36508581506574,2092-01-01
SMH,3720001,187500050.0,187500050.0,59.52381594860064,59.52381594860064,2092-03-01
SMH,3730001,188000050.0,188000050.0,59.682546082135545,59.682546082135545,2092-05-01
SMH,3740001,188500050.0,188500050.0,59.84127621567045,59.84127621567045,2092-08-01
SMH,3750001,189000050.0,189000050.0,60.000006349205336,60.000006349205336,2092-10-01
SMH,3760001,189500050.0,189500050.0,60.15873648274024,60.15873648274024,2092-12-01
SMH,3770001,190000050.0,190000050.0,60.31746661627514,60.31746661627514,2093-03-01
SMH,3780001,190500050.0,190500050.0,60.47619674981004,60.47619674981004,2093-05-01
SMH,3790001,191000050.0,191000050.0,60.63492688334494,60.63492688334494,2093-07-01
SMH,3800001,191500050.0,191500050.0,60.79365701687984,60.79365701687984,2093-09-01
SMH,3810001,192000050.0,192000050.0,60.95238715041474,60.95238715041474,2093-12-01
SMH,3820001,192500050.0,192500050.0,61.11111728394963,61.11111728394963,2094-02-01
SMH,3830001,193000050.0,193000050.0,61.269847417484534,61.269847417484534,2094-04-01
SMH,3840001,193500050.0,193500050.0,61.42857755101944,61.42857755101944,2094-07-01
SMH,3850001,194000050.0,194000050.0,61.58730768455434,61.58730768455434,2094-09-01
SMH,3860001,194500050.0,194500050.0,61.74603781808924,61.74603781808924,2094-11-01
SMH,3870001,195000050.0,195000050.0,61.90476795162414,61.90476795162414,2095-01-01
SMH,3880001,195500050.0,195500050.0,62.06349808515903,62.06349808515903,2095-04-01
SMH,3890001,196000050.0,196000050.0,62.22222821869393,62.22222821869393,2095-06-01
SMH,3900001,196500050.0,196500050.0,62.38095835222883,62.38095835222883,2095-08-01
SMH,3910001,197000050.0,197000050.0,62.53968848576373,62.53968848576373,2095-11-01
SMH,3920001,197500050.0,197500050.0,62.698418619298636,62.698418619298636,2096-01-01
SMH,3930001,198000050.0,198000050.0,62.85714875283354,62.85714875283354,2096-03-01
SMH,3940001,198500050.0,198500050.0,63.01587888636843,63.01587888636843,2096-05-01
SMH,3950001,199000050.0,199000050.0,63.17460901990333,63.17460901990333,2096-08-01
SMH,3960001,199500050.0,199500050.0,63.33333915343823,63.33333915343823,2096-10-01
SMH,3970001,200000050.0,200000050.0,63.49206928697313,63.49206928697313,2096-12-01
SMH,3980001,200500050.0,200500050.0,63.65079942050803,63.65079942050803,2097-03-01
SMH,3990001,201000050.0,201000050.0,63.80952955404293,63.80952955404293,2097-05-01
SMH,4000001,201500050.0,201500050.0,63.96825968757782,63.96825968757782,2097-07-01
SMH,4010001,202000050.0,202000050.0,64.12698982111273,64.12698982111273,2097-09-01
SMH,4020001,202500050.0,202500050.0,64.28571995464762,64.28571995464762,2097-12-01
SMH,4030001,203000050.0,203000050.0,64.44445008818252,64.44445008818252,2098-02-01
SMH,4040001,203500050.0,203500050.0,64.60318022171742,64.60318022171742,2098-04-01
SMH,4050001,204000050.0,204000050.0,64.76191035525233,64.76191035525233,2098-07-01
SMH,4060001,204500050.0,204500050.0,64.92064048878723,64.92064048878723,2098-09-01
SMH,4070001,205000050.0,205000050.0,65.07937062232212,65.07937062232212,2098-11-01
SMH,4080001,205500050.0,205500050.0,65.23810075585702,65.23810075585702,2099-01-01
SMH,4090001,206000050.0,206000050.0,65.39683088939192,65.39683088939192,2099-04-01
SMH,4100001,206500050.0,206500050.0,65.55556102292682,65.55556102292682,2099-06-01
SMH,4110001,207000050.0,207000050.0,65.71429115646173,65.71429115646173,2099-08-01
SMH,4120001,207500050.0,207500050.0,65.87302128999663,65.87302128999663,2099-10-01
SMH,4130001,208000050.0,208000050.0,66.03175142353152,66.03175142353152,2100-01-01
SMH,4140001,208500050.0,208500050.0,66.19048155706642,66.19048155706642,2100-03-01
SMH,4150001,209000050.0,209000050.0,66.34921169060132,66.34921169060132,2100-05-01
SMH,4160001,209500050.0,209500050.0,66.50794182413622,66.50794182413622,2100-08-01
SMH,4170001,210000050.0,210000050.0,66.66667195767111,66.66667195767111,2100-10-01
SMH,4180001,210500050.0,210500050.0,66.82540209120602,66.82540209120602,2100-12-01
SMH,4190001,211000050.0,211000050.0,66.98413222474092,66.98413222474092,2101-03-01
SMH,4200001,211500050.0,211500050.0,67.1428623582758,67.1428623582758,2101-05-01
SMH,4210001,212000050.0,212000050.0,67.30159249181071,67.30159249181071,2101-07-01
SMH,4220001,212500050.0,212500050.0,67.46032262534561,67.46032262534561,2101-09-01
SMH,4230001,213000050.0,213000050.0,67.61905275888051,67.61905275888051,2101-12-01
SMH,4240001,213500050.0,213500050.0,67.77778289241542,67.77778289241542,2102-02-01
SMH,4250001,214000050.0,214000050.0,67.93651302595032,67.93651302595032,2102-04-01
SMH,4260001,214500050.0,214500050.0,68.09524315948521,68.09524315948521,2102-06-01
SMH,4270001,215000050.0,215000050.0,68.25397329302011,68.25397329302011,2102-09-01
SMH,4280001,215500050.0,215500050.0,68.41270342655501,68.41270342655501,2102-11-01
SMH,4290001,216000050.0,216000050.0,68.57143356008991,68.57143356008991,2103-01-01
SMH,4300001,216500050.0,216500050.0,68.73016369362482,68.73016369362482,2103-04-01
SMH,4310001,217000050.0,217000050.0,68.88889382715972,68.88889382715972,2103-06-01
SMH,4320001,217500050.0,217500050.0,69.04762396069461,69.04762396069461,2103-08-01
SMH,4330001,218000050.0,218000050.0,69.20635409422951,69.20635409422951,2103-10-01
SMH,4340001,218500050.0,218500050.0,69.36508422776441,69.36508422776441,2104-01-01
SMH,4350001,219000050.0,219000050.0,69.5238143612993,69.5238143612993,2104-03-01
SMH,4360001,219500050.0,219500050.0,69.6825444948342,69.6825444948342,2104-05-01
SMH,4370001,220000050.0,220000050.0,69.8412746283691,69.8412746283691,2104-08-01
SMH,4380001,220500050.0,220500050.0,70.00000476190401,70.00000476190401,2104-10-01
SMH,4390001,221000050.0,221000050.0,70.1587348954389,70.1587348954389,2104-12-01
SMH,4400001,221500050.0,221500050.0,70.3174650289738,70.3174650289738,2105-02-01
SMH,4410001,222000050.0,222000050.0,70.4761951625087,70.4761951625087,2105-05-01
SMH,4420001,222500050.0,222500050.0,70.6349252960436,70.6349252960436,2105-07-01
SMH,4430001,223000050.0,223000050.0,70.79365542957851,70.79365542957851,2105-09-01
SMH,4440001,223500050.0,223500050.0,70.95238556311341,70.95238556311341,2105-12-01
SMH,4450001,224000050.0,224000050.0,71.1111156966483,71.1111156966483,2106-02-01
SMH,4460001,224500050.0,224500050.0,71.2698458301832,71.2698458301832,2106-04-01
SMH,4470001,225000050.0,225000050.0,71.4285759637181,71.4285759637181,2106-06-01
SMH,4480001,225500050.0,225500050.0,71.587306097253,71.587306097253,2106-09-01
SMH,4490001,226000050.0,226000050.0,71.74603623078791,71.74603623078791,2106-11-01
SMH,4500001,226500050.0,226500050.0,71.9047663643228,71.9047663643228,2107-01-01
SMH,4510001,227000050.0,227000050.0,72.0634964978577,72.0634964978577,2107-04-01
SMH,4520001,227500050.0,227500050.0,72.2222266313926,72.2222266313926,2107-06-01
SMH,4530001,228000050.0,228000050.0,72.38095676492749,72.38095676492749,2107-08-01
SMH,4540001,228500050.0,228500050.0,72.53968689846239,72.53968689846239,2107-10-01
SMH,4550001,229000050.0,229000050.0,72.6984170319973,72.6984170319973,2108-01-01
SMH,4560001,229500050.0,229500050.0,72.8571471655322,72.8571471655322,2108-03-01
SMH,4570001,230000050.0,230000050.0,73.0158772990671,73.0158772990671,2108-05-01
SMH,4580001,230500050.0,230500050.0,73.17460743260199,73.17460743260199,2108-07-01
SMH,4590001,231000050.0,231000050.0,73.33333756613689,73.33333756613689,2108-10-01
SMH,4600001,231500050.0,231500050.0,73.4920676996718,73.4920676996718,2108-12-01
SMH,4610001,232000050.0,232000050.0,73.6507978332067,73.6507978332067,2109-02-01
SMH,4620001,232500050.0,232500050.0,73.8095279667416,73.8095279667416,2109-05-01
SMH,4630001,233000050.0,233000050.0,73.9682581002765,73.9682581002765,2109-07-01
SMH,4640001,233500050.0,233500050.0,74.12698823381139,74.12698823381139,2109-09-01
SMH,4650001,234000050.0,234000050.0,74.28571836734629,74.28571836734629,2109-11-01
SMH,4660001,234500050.0,234500050.0,74.4444485008812,74.4444485008812,2110-02-01
SMH,4670001,235000050.0,235000050.0,74.6031786344161,74.6031786344161,2110-04-01
SMH,4680001,235500050.0,235500050.0,74.76190876795098,74.76190876795098,2110-06-01
SMH,4690001,236000050.0,236000050.0,74.92063890148589,74.92063890148589,2110-09-01
SMH,4700001,236500050.0,236500050.0,75.07936903502079,75.07936903502079,2110-11-01
SMH,4710001,237000050.0,237000050.0,75.23809916855568,75.23809916855568,2111-01-01
SMH,4720001,237500050.0,237500050.0,75.39682930209058,75.39682930209058,2111-03-01
SMH,4730001,238000050.0,238000050.0,75.55555943562548,75.55555943562548,2111-06-01
SMH,4740001,238500050.0,238500050.0,75.71428956916039,75.71428956916039,2111-08-01
SMH,4750001,239000050.0,239000050.0,75.87301970269529,75.87301970269529,2111-10-01
SMH,4760001,239500050.0,239500050.0,76.03174983623019,76.03174983623019,2112-01-01
SMH,4770001,240000050.0,240000050.0,76.19047996976508,76.19047996976508,2112-03-01
SMH,4780001,240500050.0,240500050.0,76.34921010329998,76.34921010329998,2112-05-01
SMH,4790001,241000050.0,241000050.0,76.50794023683488,76.50794023683488,2112-07-01
SMH,4800001,241500050.0,241500050.0,76.66667037036979,76.66667037036979,2112-10-01
SMH,4810001,242000050.0,242000050.0,76.82540050390469,76.82540050390469,2112-12-01
SMH,4820001,242500050.0,242500050.0,76.98413063743959,76.98413063743959,2113-02-01
SMH,4830001,243000050.0,243000050.0,77.14286077097448,77.14286077097448,2113-05-01
SMH,4840001,243500050.0,243500050.0,77.30159090450938,77.30159090450938,2113-07-01
SMH,4850001,244000050.0,244000050.0,77.46032103804427,77.46032103804427,2113-09-01
SMH,4860001,244500050.0,244500050.0,77.61905117157917,77.61905117157917,2113-11-01
SMH,4870001,245000050.0,245000050.0,77.77778130511408,77.77778130511408,2114-02-01
SMH,4880001,245500050.0,245500050.0,77.93651143864898,77.93651143864898,2114-04-01
SMH,4890001,246000050.0,246000050.0,78.09524157218388,78.09524157218388,2114-06-01
SMH,4900001,246500050.0,246500050.0,78.25397170571877,78.25397170571877,2114-08-01
SMH,4910001,247000050.0,247000050.0,78.41270183925367,78.41270183925367,2114-11-01
SMH,4920001,247500050.0,247500050.0,78.57143197278857,78.57143197278857,2115-01-01
SMH,4930001,248000050.0,248000050.0,78.73016210632348,78.73016210632348,2115-03-01
SMH,4940001,248500050.0,248500050.0,78.88889223985838,78.88889223985838,2115-06-01
SMH,4950001,249000050.0,249000050.0,79.04762237339328,79.04762237339328,2115-08-01
SMH,4960001,249500050.0,249500050.0,79.20635250692817,79.20635250692817,2115-10-01
SMH,4970001,250000050.0,250000050.0,79.36508264046307,79.36508264046307,2115-12-01
SMH,4980001,250500050.0,250500050.0,79.52381277399797,79.52381277399797,2116-03-01
SMH,4990001,251000050.0,251000050.0,79.68254290753288,79.68254290753288,2116-05-01
SMH,5000001,251500050.0,251500050.0,79.84127304106778,79.84127304106778,2116-07-01
SMH,5010001,252000050.0,252000050.0,80.00000317460267,80.00000317460267,2116-10-01
SMH,5020001,252500050.0,252500050.0,80.15873330813757,80.15873330813757,2116-12-01
SMH,5030001,253000050.0,253000050.0,80.31746344167246,80.31746344167246,2117-02-01
SMH,5040001,253500050.0,253500050.0,80.47619357520736,80.47619357520736,2117-04-01
SMH,5050001,254000050.0,254000050.0,80.63492370874226,80.63492370874226,2117-07-01
SMH,5060001,254500050.0,254500050.0,80.79365384227717,80.79365384227717,2117-09-01
SMH,5070001,255000050.0,255000050.0,80.95238397581207,80.95238397581207,2117-11-01
SMH,5080001,255500050.0,255500050.0,81.11111410934697,81.11111410934697,2118-01-01
SMH,5090001,256000050.0,256000050.0,81.26984424288186,81.26984424288186,2118-04-01
SMH,5100001,256500050.0,256500050.0,81.42857437641676,81.42857437641676,2118-06-01
SMH,5110001,257000050.0,257000050.0,81.58730450995166,81.58730450995166,2118-08-01
SMH,5120001,257500050.0,257500050.0,81.74603464348657,81.74603464348657,2118-11-01
SMH,5130001,258000050.0,258000050.0,81.90476477702147,81.90476477702147,2119-01-01
SMH,5140001,258500050.0,258500050.0,82.06349491055637,82.06349491055637,2119-03-01
SMH,5150001,259000050.0,259000050.0,82.22222504409127,82.22222504409127,2119-06-01
SMH,5160001,259500050.0,259500050.0,82.38095517762616,82.38095517762616,2119-08-01
SMH,5170001,260000050.0,260000050.0,82.53968531116107,82.53968531116107,2119-10-01
SMH,5180001,260500050.0,260500050.0,82.69841544469597,82.69841544469597,2119-12-01
SMH,5190001,261000050.0,261000050.0,82.85714557823086,82.85714557823086,2120-03-01
SMH,5200001,261500050.0,261500050.0,83.01587571176576,83.01587571176576,2120-05-01
SMH,5210001,262000050.0,262000050.0,83.17460584530066,83.17460584530066,2120-07-01
SMH,5220001,262500050.0,262500050.0,83.33333597883555,83.33333597883555,2120-09-01
SMH,5230001,263000050.0,263000050.0,83.49206611237045,83.49206611237045,2120-12-01
SMH,5240001,263500050.0,263500050.0,83.65079624590535,83.65079624590535,2121-02-01
SMH,5250001,264000050.0,264000050.0,83.80952637944026,83.80952637944026,2121-04-01
SMH,5260001,264500050.0,264500050.0,83.96825651297516,83.96825651297516,2121-07-01
SMH,5270001,265000050.0,265000050.0,84.12698664651006,84.12698664651006,2121-09-01
SMH,5280001,265500050.0,265500050.0,84.28571678004495,84.28571678004495,2121-11-01
SMH,5290001,266000050.0,266000050.0,84.44444691357985,84.44444691357985,2122-01-01
SMH,5300001,266500050.0,266500050.0,84.60317704711476,84.60317704711476,2122-04-01
SMH,5310001,267000050.0,267000050.0,84.76190718064966,84.76190718064966,2122-06-01
SMH,5320001,267500050.0,267500050.0,84.92063731418456,84.92063731418456,2122-08-01
SMH,5330001,268000050.0,268000050.0,85.07936744771946,85.07936744771946,2122-11-01
SMH,5340001,268500050.0,268500050.0,85.23809758125435,85.23809758125435,2123-01-01
SMH,5350001,269000050.0,269000050.0,85.39682771478925,85.39682771478925,2123-03-01
SMH,5360001,269500050.0,269500050.0,85.55555784832414,85.55555784832414,2123-05-01
SMH,5370001,270000050.0,270000050.0,85.71428798185904,85.71428798185904,2123-08-01
SMH,5380001,270500050.0,270500050.0,85.87301811539395,85.87301811539395,2123-10-01
SMH,5390001,271000050.0,271000050.0,86.03174824892885,86.03174824892885,2123-12-01
SMH,5400001,271500050.0,271500050.0,86.19047838246375,86.19047838246375,2124-03-01
SMH,5410001,272000050.0,272000050.0,86.34920851599864,86.34920851599864,2124-05-01
SMH,5420001,272500050.0,272500050.0,86.50793864953354,86.50793864953354,2124-07-01
SMH,5430001,273000050.0,273000050.0,86.66666878306845,86.66666878306845,2124-09-01
SMH,5440001,273500050.0,273500050.0,86.82539891660335,86.82539891660335,2124-12-01
SMH,5450001,274000050.0,274000050.0,86.98412905013825,86.98412905013825,2125-02-01
SMH,5460001,274500050.0,274500050.0,87.14285918367315,87.14285918367315,2125-04-01
SMH,5470001,275000050.0,275000050.0,87.30158931720806,87.30158931720806,2125-07-01
SMH,5480001,275500050.0,275500050.0,87.46031945074294,87.46031945074294,2125-09-01
SMH,5490001,276000050.0,276000050.0,87.61904958427785,87.61904958427785,2125-11-01
SMH,5500001,276500050.0,276500050.0,87.77777971781275,87.77777971781275,2126-01-01
SMH,5510001,277000050.0,277000050.0,87.93650985134764,87.93650985134764,2126-04-01
SMH,5520001,277500050.0,277500050.0,88.09523998488254,88.09523998488254,2126-06-01
SMH,5530001,278000050.0,278000050.0,88.25397011841744,88.25397011841744,2126-08-01
SMH,5540001,278500050.0,278500050.0,88.41270025195233,88.41270025195233,2126-10-01
SMH,5550001,279000050.0,279000050.0,88.57143038548723,88.57143038548723,2127-01-01
SMH,5560001,279500050.0,279500050.0,88.73016051902214,88.73016051902214,2127-03-01
SMH,5570001,280000050.0,280000050.0,88.88889065255704,88.88889065255704,2127-05-01
SMH,5580001,280500050.0,280500050.0,89.04762078609194,89.04762078609194,2127-08-01
SMH,5590001,281000050.0,281000050.0,89.20635091962684,89.20635091962684,2127-10-01
SMH,5600001,281500050.0,281500050.0,89.36508105316173,89.36508105316173,2127-12-01
SMH,5610001,282000050.0,282000050.0,89.52381118669663,89.52381118669663,2128-02-01
SMH,5620001,282500050.0,282500050.0,89.68254132023154,89.68254132023154,2128-05-01
SMH,5630001,283000050.0,283000050.0,89.84127145376644,89.84127145376644,2128-07-01
SMH,5640001,283500050.0,283500050.0,90.00000158730134,90.00000158730134,2128-09-01
SMH,5650001,284000050.0,284000050.0,90.15873172083624,90.15873172083624,2128-12-01
SMH,5660001,284500050.0,284500050.0,90.31746185437115,90.31746185437115,2129-02-01
SMH,5670001,285000050.0,285000050.0,90.47619198790603,90.47619198790603,2129-04-01
SMH,5680001,285500050.0,285500050.0,90.63492212144094,90.63492212144094,2129-06-01
SMH,5690001,286000050.0,286000050.0,90.79365225497583,90.79365225497583,2129-09-01
SMH,5700001,286500050.0,286500050.0,90.95238238851073,90.95238238851073,2129-11-01
SMH,5710001,287000050.0,287000050.0,91.11111252204563,91.11111252204563,2130-01-01
SMH,5720001,287500050.0,287500050.0,91.26984265558053,91.26984265558053,2130-04-01
SMH,5730001,288000050.0,288000050.0,91.42857278911542,91.42857278911542,2130-06-01
SMH,5740001,288500050.0,288500050.0,91.58730292265032,91.58730292265032,2130-08-01
SMH,5750001,289000050.0,289000050.0,91.74603305618523,91.74603305618523,2130-10-01
SMH,5760001,289500050.0,289500050.0,91.90476318972013,91.90476318972013,2131-01-01
SMH,5770001,290000050.0,290000050.0,92.06349332325503,92.06349332325503,2131-03-01
SMH,5780001,290500050.0,290500050.0,92.22222345678993,92.22222345678993,2131-05-01
SMH,5790001,291000050.0,291000050.0,92.38095359032484,92.38095359032484,2131-08-01
SMH,5800001,291500050.0,291500050.0,92.53968372385972,92.53968372385972,2131-10-01
SMH,5810001,292000050.0,292000050.0,92.69841385739463,92.69841385739463,2131-12-01
SMH,5820001,292500050.0,292500050.0,92.85714399092953,92.85714399092953,2132-02-01
SMH,5830001,293000050.0,293000050.0,93.01587412446443,93.01587412446443,2132-05-01
SMH,5840001,293500050.0,293500050.0,93.17460425799933,93.17460425799933,2132-07-01
SMH,5850001,294000050.0,294000050.0,93.33333439153422,93.33333439153422,2132-09-01
SMH,5860001,294500050.0,294500050.0,93.49206452506913,93.49206452506913,2132-11-01
SMH,5870001,295000050.0,295000050.0,93.65079465860401,93.65079465860401,2133-02-01
SMH,5880001,295500050.0,295500050.0,93.80952479213892,93.80952479213892,2133-04-01
SMH,5890001,296000050.0,296000050.0,93.96825492567382,93.96825492567382,2133-06-01
SMH,5900001,296500050.0,296500050.0,94.12698505920872,94.12698505920872,2133-09-01
SMH,5910001,297000050.0,297000050.0,94.28571519274362,94.28571519274362,2133-11-01
SMH,5920001,297500050.0,297500050.0,94.44444532627851,94.44444532627851,2134-01-01
SMH,5930001,298000050.0,298000050.0,94.60317545981341,94.60317545981341,2134-03-01
SMH,5940001,298500050.0,298500050.0,94.76190559334832,94.76190559334832,2134-06-01
SMH,5950001,299000050.0,299000050.0,94.92063572688322,94.92063572688322,2134-08-01
SMH,5960001,299500050.0,299500050.0,95.07936586041812,95.07936586041812,2134-10-01
SMH,5970001,300000050.0,300000050.0,95.23809599395302,95.23809599395302,2135-01-01
SMH,5980001,300500050.0,300500050.0,95.39682612748793,95.39682612748793,2135-03-01
SMH,5990001,301000050.0,301000050.0,95.55555626102282,95.55555626102282,2135-05-01
SMH,6000001,301500050.0,301500050.0,95.71428639455772,95.71428639455772,2135-07-01
SMH,6010001,302000050.0,302000050.0,95.87301652809262,95.87301652809262,2135-10-01
SMH,6020001,302500050.0,302500050.0,96.03174666162751,96.03174666162751,2135-12-01
SMH,6030001,303000050.0,303000050.0,96.19047679516241,96.19047679516241,2136-02-01
SMH,6040001,303500050.0,303500050.0,96.34920692869731,96.34920692869731,2136-05-01
SMH,6050001,304000050.0,304000050.0,96.5079370622322,96.5079370622322,2136-07-01
SMH,6060001,304500050.0,304500050.0,96.6666671957671,96.6666671957671,2136-09-01
SMH,6070001,305000050.0,305000050.0,96.825397329302,96.825397329302,2136-11-01
SMH,6080001,305500050.0,305500050.0,96.98412746283691,96.98412746283691,2137-02-01
SMH,6090001,306000050.0,306000050.0,97.14285759637181,97.14285759637181,2137-04-01
SMH,6100001,306500050.0,306500050.0,97.30158772990671,97.30158772990671,2137-06-01
SMH,6110001,307000050.0,307000050.0,97.46031786344162,97.46031786344162,2137-09-01
SMH,6120001,307500050.0,307500050.0,97.6190479969765,97.6190479969765,2137-11-01
SMH,6130001,308000050.0,308000050.0,97.77777813051141,97.77777813051141,2138-01-01
SMH,6140001,308500050.0,308500050.0,97.93650826404631,97.93650826404631,2138-03-01
SMH,6150001,309000050.0,309000050.0,98.09523839758121,98.09523839758121,2138-06-01
SMH,6160001,309500050.0,309500050.0,98.25396853111612,98.25396853111612,2138-08-01
SMH,6170001,310000050.0,310000050.0,98.412698664651,98.412698664651,2138-10-01
SMH,6180001,310500050.0,310500050.0,98.5714287981859,98.5714287981859,2138-12-01
SMH,6190001,311000050.0,311000050.0,98.73015893172081,98.73015893172081,2139-03-01
SMH,6200001,311500050.0,311500050.0,98.8888890652557,98.8888890652557,2139-05-01
SMH,6210001,312000050.0,312000050.0,99.0476191987906,99.0476191987906,2139-07-01
SMH,6220001,312500050.0,312500050.0,99.2063493323255,99.2063493323255,2139-10-01
SMH,6230001,313000050.0,313000050.0,99.3650794658604,99.3650794658604,2139-12-01
SMH,6240001,313500050.0,313500050.0,99.52380959939529,99.52380959939529,2140-02-01
SMH,6250001,314000050.0,314000050.0,99.6825397329302,99.6825397329302,2140-04-01
SMH,6260001,314500050.0,314500050.0,99.8412698664651,99.8412698664651,2140-07-01
SMH,6270001,315000050.0,315000050.0,100.0,100.0,2140-09-01
